beta1,beta2,beta3
0,1.4682841,3.291419
